Client_ID,Nom,Prenom
84,Gaillard,Delphine
34,Francois,Mickael
19,Michel,Sophie
61,Richard,Camille
2,Simon,Yoann
27,Roux,Emmanuelle
77,Robert,Laura
64,Dupont,Sandrine
100,Robert,Lucas
96,Riviere,Hélène
88,Gautier,Céline
80,Bourgeois,Arthur
56,Roger,Karim
16,Schmitt,Ludovic
30,Leroy,Jordan
35,Caron,Maxime
50,Schmitt,Laetitia
63,Blanchard,Rémi
73,Mercier,Alexandra
89,Lefebvre,Brice
40,Nicolas,Mathieu
92,Moreau,Alexandre
47,Rey,Melodie
59,Olivier,Aline
70,Boyer,Elodie
41,Dufour,Victor
37,Giraud,Coralie
99,Bourgeois,Lucie
81,Joly,Mélissa
46,Leclerc,Fanny
72,Brun,Aude
76,Leroy,Mohamed
39,Gautier,Valentin
26,Perrin,Deborah
38,Riviere,Elsa
14,Schmitt,Tony
5,Roussel,Kelly
82,Masson,Mathieu
18,Moreau,Florent
23,Giraud,Thibault
1,Laurent,Nicolas
42,Muller,Yohann
54,Blanchard,Julia
78,Roche,Delphine
24,Rousseau,Yohann
12,Bertrand,Sonia
7,Durand,Amandine
21,Renard,Ludovic
49,Benoit,Arthur
32,Roux,Yann
98,Garnier,Charles
17,Morin,Mohamed
48,Moreau,Charlène
90,Dumont,Philippe
86,Joly,Teddy
29,Morel,Charline
8,Vidal,Benjamin
43,Lacroix,Jessica
69,Dumas,Maxime
28,Pierre,Charlène
25,Faure,Mylène
22,Lambert,Melodie
